-- MySQL dump 10.13  Distrib 8.0.46, for Win64 (x86_64)
--
-- Host: localhost    Database: clg
-- ------------------------------------------------------
-- Server version	8.0.46

/*!40101 SET @OLD_CHARACTER_SET_CLIENT=@@CHARACTER_SET_CLIENT */;
/*!40101 SET @OLD_CHARACTER_SET_RESULTS=@@CHARACTER_SET_RESULTS */;
/*!40101 SET @OLD_COLLATION_CONNECTION=@@COLLATION_CONNECTION */;
/*!50503 SET NAMES utf8mb4 */;
/*!40103 SET @OLD_TIME_ZONE=@@TIME_ZONE */;
/*!40103 SET TIME_ZONE='+00:00' */;
/*!40014 SET @OLD_UNIQUE_CHECKS=@@UNIQUE_CHECKS, UNIQUE_CHECKS=0 */;
/*!40014 SET @OLD_FOREIGN_KEY_CHECKS=@@FOREIGN_KEY_CHECKS, FOREIGN_KEY_CHECKS=0 */;
/*!40101 SET @OLD_SQL_MODE=@@SQL_MODE, SQL_MODE='NO_AUTO_VALUE_ON_ZERO' */;
/*!40111 SET @OLD_SQL_NOTES=@@SQL_NOTES, SQL_NOTES=0 */;

--
-- Table structure for table `emp`
--

DROP TABLE IF EXISTS `emp`;
/*!40101 SET @saved_cs_client     = @@character_set_client */;
/*!50503 SET character_set_client = utf8mb4 */;
CREATE TABLE `emp` (
  `name` varchar(20) DEFAULT NULL,
  `roll` int DEFAULT NULL
) ENGINE=InnoDB DEFAULT CHARSET=utf8mb4 COLLATE=utf8mb4_0900_ai_ci;
/*!40101 SET character_set_client = @saved_cs_client */;

--
-- Dumping data for table `emp`
--

LOCK TABLES `emp` WRITE;
/*!40000 ALTER TABLE `emp` DISABLE KEYS */;
INSERT INTO `emp` VALUES ('chikiitha',20);
/*!40000 ALTER TABLE `emp` ENABLE KEYS */;
UNLOCK TABLES;

--
-- Table structure for table `events`
--

DROP TABLE IF EXISTS `events`;
/*!40101 SET @saved_cs_client     = @@character_set_client */;
/*!50503 SET character_set_client = utf8mb4 */;
CREATE TABLE `events` (
  `event_id` int NOT NULL AUTO_INCREMENT,
  `title` varchar(200) NOT NULL,
  `description` text,
  `city` varchar(100) NOT NULL,
  `start_date` datetime NOT NULL,
  `end_date` datetime NOT NULL,
  `status` enum('upcoming','completed','cancelled') DEFAULT NULL,
  `organizer_id` int DEFAULT NULL,
  PRIMARY KEY (`event_id`),
  KEY `organizer_id` (`organizer_id`),
  CONSTRAINT `events_ibfk_1` FOREIGN KEY (`organizer_id`) REFERENCES `users` (`user_id`)
) ENGINE=InnoDB AUTO_INCREMENT=4 DEFAULT CHARSET=utf8mb4 COLLATE=utf8mb4_0900_ai_ci;
/*!40101 SET character_set_client = @saved_cs_client */;

--
-- Dumping data for table `events`
--

LOCK TABLES `events` WRITE;
/*!40000 ALTER TABLE `events` DISABLE KEYS */;
INSERT INTO `events` VALUES (1,'Tech Innovators Meetup','A meetup for tech enthusiasts.','New York','2025-06-10 10:00:00','2025-06-10 16:00:00','upcoming',1),(2,'AI & ML Conference','Conference on AI and ML advancements.','Chicago','2025-05-15 09:00:00','2025-05-15 17:00:00','completed',3),(3,'Frontend Development Bootcamp','Hands-on training on frontend tech.','Los Angeles','2025-07-01 10:00:00','2025-07-03 16:00:00','upcoming',2);
/*!40000 ALTER TABLE `events` ENABLE KEYS */;
UNLOCK TABLES;

--
-- Table structure for table `feedback`
--

DROP TABLE IF EXISTS `feedback`;
/*!40101 SET @saved_cs_client     = @@character_set_client */;
/*!50503 SET character_set_client = utf8mb4 */;
CREATE TABLE `feedback` (
  `feedback_id` int NOT NULL AUTO_INCREMENT,
  `user_id` int DEFAULT NULL,
  `event_id` int DEFAULT NULL,
  `rating` int DEFAULT NULL,
  `comments` text,
  `feedback_date` date NOT NULL,
  PRIMARY KEY (`feedback_id`),
  KEY `user_id` (`user_id`),
  KEY `event_id` (`event_id`),
  CONSTRAINT `feedback_ibfk_1` FOREIGN KEY (`user_id`) REFERENCES `users` (`user_id`),
  CONSTRAINT `feedback_ibfk_2` FOREIGN KEY (`event_id`) REFERENCES `events` (`event_id`),
  CONSTRAINT `feedback_chk_1` CHECK ((`rating` between 1 and 5))
) ENGINE=InnoDB AUTO_INCREMENT=4 DEFAULT CHARSET=utf8mb4 COLLATE=utf8mb4_0900_ai_ci;
/*!40101 SET character_set_client = @saved_cs_client */;

--
-- Dumping data for table `feedback`
--

LOCK TABLES `feedback` WRITE;
/*!40000 ALTER TABLE `feedback` DISABLE KEYS */;
INSERT INTO `feedback` VALUES (1,3,2,4,'Great insights!','2025-05-16'),(2,4,2,5,'Very informative.','2025-05-16'),(3,2,1,3,'Could be better.','2025-06-11');
/*!40000 ALTER TABLE `feedback` ENABLE KEYS */;
UNLOCK TABLES;

--
-- Table structure for table `registrations`
--

DROP TABLE IF EXISTS `registrations`;
/*!40101 SET @saved_cs_client     = @@character_set_client */;
/*!50503 SET character_set_client = utf8mb4 */;
CREATE TABLE `registrations` (
  `registration_id` int NOT NULL AUTO_INCREMENT,
  `user_id` int DEFAULT NULL,
  `event_id` int DEFAULT NULL,
  `registration_date` date NOT NULL,
  PRIMARY KEY (`registration_id`),
  KEY `user_id` (`user_id`),
  KEY `event_id` (`event_id`),
  CONSTRAINT `registrations_ibfk_1` FOREIGN KEY (`user_id`) REFERENCES `users` (`user_id`),
  CONSTRAINT `registrations_ibfk_2` FOREIGN KEY (`event_id`) REFERENCES `events` (`event_id`)
) ENGINE=InnoDB AUTO_INCREMENT=6 DEFAULT CHARSET=utf8mb4 COLLATE=utf8mb4_0900_ai_ci;
/*!40101 SET character_set_client = @saved_cs_client */;

--
-- Dumping data for table `registrations`
--

LOCK TABLES `registrations` WRITE;
/*!40000 ALTER TABLE `registrations` DISABLE KEYS */;
INSERT INTO `registrations` VALUES (1,1,1,'2025-05-01'),(2,2,1,'2025-05-02'),(3,3,2,'2025-04-30'),(4,4,2,'2025-04-28'),(5,5,3,'2025-06-15');
/*!40000 ALTER TABLE `registrations` ENABLE KEYS */;
UNLOCK TABLES;

--
-- Table structure for table `resources`
--

DROP TABLE IF EXISTS `resources`;
/*!40101 SET @saved_cs_client     = @@character_set_client */;
/*!50503 SET character_set_client = utf8mb4 */;
CREATE TABLE `resources` (
  `resource_id` int NOT NULL AUTO_INCREMENT,
  `event_id` int DEFAULT NULL,
  `resource_type` enum('pdf','image','link') DEFAULT NULL,
  `resource_url` varchar(255) NOT NULL,
  `uploaded_at` datetime NOT NULL,
  PRIMARY KEY (`resource_id`),
  KEY `event_id` (`event_id`),
  CONSTRAINT `resources_ibfk_1` FOREIGN KEY (`event_id`) REFERENCES `events` (`event_id`)
) ENGINE=InnoDB AUTO_INCREMENT=4 DEFAULT CHARSET=utf8mb4 COLLATE=utf8mb4_0900_ai_ci;
/*!40101 SET character_set_client = @saved_cs_client */;

--
-- Dumping data for table `resources`
--

LOCK TABLES `resources` WRITE;
/*!40000 ALTER TABLE `resources` DISABLE KEYS */;
INSERT INTO `resources` VALUES (1,1,'pdf','https://portal.com/resources/tech_meetup_agenda.pdf','2025-05-01 10:00:00'),(2,2,'image','https://portal.com/resources/ai_poster.jpg','2025-04-20 09:00:00'),(3,3,'link','https://portal.com/resources/html5_docs','2025-06-25 15:00:00');
/*!40000 ALTER TABLE `resources` ENABLE KEYS */;
UNLOCK TABLES;

--
-- Table structure for table `sessions`
--

DROP TABLE IF EXISTS `sessions`;
/*!40101 SET @saved_cs_client     = @@character_set_client */;
/*!50503 SET character_set_client = utf8mb4 */;
CREATE TABLE `sessions` (
  `session_id` int NOT NULL AUTO_INCREMENT,
  `event_id` int DEFAULT NULL,
  `title` varchar(200) NOT NULL,
  `speaker_name` varchar(100) NOT NULL,
  `start_time` datetime NOT NULL,
  `end_time` datetime NOT NULL,
  PRIMARY KEY (`session_id`),
  KEY `event_id` (`event_id`),
  CONSTRAINT `sessions_ibfk_1` FOREIGN KEY (`event_id`) REFERENCES `events` (`event_id`)
) ENGINE=InnoDB AUTO_INCREMENT=5 DEFAULT CHARSET=utf8mb4 COLLATE=utf8mb4_0900_ai_ci;
/*!40101 SET character_set_client = @saved_cs_client */;

--
-- Dumping data for table `sessions`
--

LOCK TABLES `sessions` WRITE;
/*!40000 ALTER TABLE `sessions` DISABLE KEYS */;
INSERT INTO `sessions` VALUES (1,1,'Opening Keynote','Dr. Tech','2025-06-10 10:00:00','2025-06-10 11:00:00'),(2,1,'Future of Web Dev','Alice Johnson','2025-06-10 11:15:00','2025-06-10 12:30:00'),(3,2,'AI in Healthcare','Charlie Lee','2025-05-15 09:30:00','2025-05-15 11:00:00'),(4,3,'Intro to HTML5','Bob Smith','2025-07-01 10:00:00','2025-07-01 12:00:00');
/*!40000 ALTER TABLE `sessions` ENABLE KEYS */;
UNLOCK TABLES;

--
-- Table structure for table `users`
--

DROP TABLE IF EXISTS `users`;
/*!40101 SET @saved_cs_client     = @@character_set_client */;
/*!50503 SET character_set_client = utf8mb4 */;
CREATE TABLE `users` (
  `user_id` int NOT NULL AUTO_INCREMENT,
  `full_name` varchar(100) NOT NULL,
  `email` varchar(100) NOT NULL,
  `city` varchar(100) NOT NULL,
  `registration_date` date DEFAULT NULL,
  PRIMARY KEY (`user_id`),
  UNIQUE KEY `email` (`email`)
) ENGINE=InnoDB AUTO_INCREMENT=7 DEFAULT CHARSET=utf8mb4 COLLATE=utf8mb4_0900_ai_ci;
/*!40101 SET character_set_client = @saved_cs_client */;

--
-- Dumping data for table `users`
--

LOCK TABLES `users` WRITE;
/*!40000 ALTER TABLE `users` DISABLE KEYS */;
INSERT INTO `users` VALUES (1,'Alice Johnson','alice@example.com','New York','2024-12-01'),(2,'Bob Smith','bob@example.com','Los Angeles','2024-12-05'),(3,'Charlie Lee','charlie@example.com','Chicago','2024-12-10'),(4,'Diana King','diana@example.com','New York','2025-01-15'),(5,'Ethan Hunt','ethan@example.com','Los Angeles','2025-02-01'),(6,'chikiitha','chik@example.com','hyd','2026-05-22');
/*!40000 ALTER TABLE `users` ENABLE KEYS */;
UNLOCK TABLES;
/*!40103 SET TIME_ZONE=@OLD_TIME_ZONE */;

/*!40101 SET SQL_MODE=@OLD_SQL_MODE */;
/*!40014 SET FOREIGN_KEY_CHECKS=@OLD_FOREIGN_KEY_CHECKS */;
/*!40014 SET UNIQUE_CHECKS=@OLD_UNIQUE_CHECKS */;
/*!40101 SET CHARACTER_SET_CLIENT=@OLD_CHARACTER_SET_CLIENT */;
/*!40101 SET CHARACTER_SET_RESULTS=@OLD_CHARACTER_SET_RESULTS */;
/*!40101 SET COLLATION_CONNECTION=@OLD_COLLATION_CONNECTION */;
/*!40111 SET SQL_NOTES=@OLD_SQL_NOTES */;

-- Dump completed on 2026-05-29 14:11:45
